IDProveedor,Nombre,Direccion,Localidad,Provincia
1,Sin Datos,BEREGUESTEIN 36,Avellaneda,Buenos Aires
2,San Cirano,ALBERTI 965,Coronel Brandsen,Buenos Aires
3,Bell S.A.,MORENO 331,Campana,Buenos Aires
4,Rivero Insumos,PTE. PERON 3872,Valentin Alsina,Buenos Aires
5,Laprida Computacion,AVDA. PEDRO PEREYRA 1339,Laprida,Buenos Aires
6,Importadora Mann Kloss,LOPE DE VEGA 2102,Boca De Atencion Monte Castro,Caba
7,Fletes y Logistica,SANTA ROSA 1564,Cordoba,Cordoba
8,Sin Datos,SANTA ROSA 1564,Cordoba,Cordoba
9,Via Chile Containers,JUAN B. JUSTO 415,Mendoza,Mendoza
10,Full Toner,CORDOBA 246,Mendoza,Mendoza
11,Via Chile Containers,VICEALTE O CONNOR 847,San Carlos De Bariloche,Rio Negro
12,Central Rosario SRL,SAN MARTIN 4816,Rosario,Santa Fe
13,María Rivarola,SANTIAGO DEL ESTERO 1020,San Miguel De Tucuman,Tucuman
14,Río Full Net,BELGRANO 244,Monteros,Tucuman
